FirstName,Email,Country
Asa,apeploe0@histats.com,FR
Krystalle,knabarro1@youtube.com,FR
Cherrita,cmeiklejohn2@stanford.edu,US
Vanya,vlife3@shinystat.com,FR
Rasia,rcrosscombe4@trellian.com,FR
Sasha,sridings5@typepad.com,US
Allister,abraney6@dedecms.com,US
Timmy,tjenny7@digg.com,US
Joceline,jmaccarrane8@wisc.edu,US
Wainwright,whebson9@tinyurl.com,FR
Cecilla,cglasarda@pbs.org,US
Dru,dargileb@flickr.com,US
Jewelle,jsprakec@ow.ly,CA
Oneida,ogindghilld@biglobe.ne.jp,FR
Shaylah,scasottie@goo.ne.jp,FR
Eustace,etaceyf@cloudflare.com,US
Joscelin,jkeartong@hp.com,US
Gerda,ganscotth@altervista.org,FR
Mella,mluisettii@last.fm,FR
Lovell,lbuiej@yale.edu,US
Thane,tlindlk@yahoo.co.jp,FR
Fanny,fmissonl@geocities.jp,US
Shelby,skellardm@tmall.com,US
Melosa,mserjeantn@goo.gl,FR
Vincenty,vbridgelando@angelfire.com,FR
Kim,kserfatip@wp.com,US
Bartolemo,bwitchardq@deliciousdays.com,CA
Siward,sdomenguer@biglobe.ne.jp,US
Filbert,fradmers@vkontakte.ru,CA
Erek,emableyt@nih.gov,FR
Alister,akeableu@1und1.de,FR
Joyann,jsimmankv@jigsy.com,US
Louis,laikenheadw@123-reg.co.uk,FR
Kala,kskeax@slashdot.org,US
Crystie,ccasarinoy@state.tx.us,US
Jack,jpurkissz@sbwire.com,FR
Lowrance,llaugharne10@devhub.com,FR
Odella,oslatter11@ycombinator.com,US
Jennie,jmcquade12@123-reg.co.uk,US
Papageno,pplett13@nih.gov,US
Abey,arichings14@devhub.com,CA
Granthem,gcandlish15@latimes.com,US
Cindi,cdevin16@last.fm,CA
Delmore,ddrinkhill17@wunderground.com,FR
Lillian,lraise18@dropbox.com,FR
Larina,lcattlow19@bing.com,FR
Katy,katkins1a@example.com,FR
Sergent,smartignon1b@google.de,CA
Elsie,ejeaves1c@hud.gov,FR
Georg,gjekyll1d@flickr.com,US
